{
"marker" : flag,
"text" : "",
"tsec" : 1772383691.613562,
"mlat" : -35.363111893798,
"mlon" : 149.1629150947318,
"vlat" : -35.362963800,
"vlon" : 149.162668300,
"valt" : 594.2,
"gspeed" : 4.981445573325076,
"ghead" : 9.72,
"roll" : -0.5224260151320543,
"pitch" : 0.1356594297062214,
"yaw" : 9.72417532606665,
}
