{
"marker" : flag,
"text" : "",
"tsec" : 1772384037.3279479,
"mlat" : -35.36321716302944,
"mlon" : 149.16499335813063,
"vlat" : -35.363262100,
"vlon" : 149.165237400,
"valt" : 584.2,
"gspeed" : 0.0,
"ghead" : 86.26,
"roll" : 5.365380742132486e-08,
"pitch" : 2.7367140006637097e-08,
"yaw" : 86.26298061332157,
}
